USE lab3_db;


INSERT INTO CUSTOMER (Cus_number, Cus_name, City, Phone) VALUES
(1, 'ABC Corporation', 'New York', '111-111-1111'),
(2, 'XYZ Company', 'Boston', '222-222-2222'),
(3, 'Global Tech', 'Chicago', '333-333-3333');


INSERT INTO EMPLOYEE (Emp_ID, Name, Address, DOB, Class, Salary) VALUES
(101, 'John Smith', '123 Main St', '1990-01-15', 'manager', 60000),
(102, 'Jane Doe', '456 Oak Ave', '1992-05-20', 'associate', 50000),
(103, 'Mike Brown', '789 Pine Rd', '1993-08-10', 'assistant', 40000),
(104, 'Sarah Wilson', '321 Elm St', '1991-03-25', 'associate', 52000),
(105, 'Tom Davis', '654 Maple Dr', '1988-11-30', 'manager', 65000);


INSERT INTO PAPER (Type_number, Size, Weight, Unit_price) VALUES
(1, 'A4', 80.0, 0.10),
(2, 'A3', 120.0, 0.20),
(3, 'Letter', 75.0, 0.08),
(4, 'Legal', 90.0, 0.12),
(5, 'A2', 160.0, 0.25);


INSERT INTO BRANCH (Cus_no, Br_number, City, Phone) VALUES
(1, 1, 'NY Downtown', '111-111-1001'),
(1, 2, 'NY Uptown', '111-111-1002'),
(2, 1, 'Boston Main', '222-222-2001'),
(2, 2, 'Cambridge', '222-222-2002'),
(3, 1, 'Chicago Downtown', '333-333-3001'),
(3, 2, 'Chicago West', '333-333-3002'),
(1, 3, 'Brooklyn', '111-111-1003'),
(2, 3, 'Quincy', '222-222-2003'),
(3, 3, 'Evanston', '333-333-3003'),
(1, 4, 'Manhattan', '111-111-1004');


INSERT INTO PAPER_ORDER (Order_number, Order_date, Amount, Cus_no) VALUES
(1001, '2025-01-10', 1200.00, 1),
(1002, '2025-01-15', 1800.00, 2),
(1003, '2025-01-20', 1500.00, 3),
(1004, '2025-02-01', 2000.00, 1),
(1005, '2025-02-05', 1600.00, 2),
(1006, '2025-02-10', 2200.00, 3),
(1007, '2025-02-15', 1400.00, 1),
(1008, '2025-02-20', 1900.00, 2),
(1009, '2025-03-01', 1700.00, 3),
(1010, '2025-03-05', 2100.00, 1);


INSERT INTO ORDER_LINE (Order_no, Line_number, Reg_ship_date, Act_ship_date, Cus_no, Br_no) VALUES

(1001, 1, '2025-01-12', '2025-01-11', 1, 1),
(1001, 2, '2025-01-15', '2025-01-16', 1, 2), 

(1002, 1, '2025-01-17', '2025-01-16', 2, 1),
(1002, 2, '2025-01-20', '2025-01-19', 2, 2),

(1003, 1, '2025-01-22', '2025-01-21', 3, 1),
(1003, 2, '2025-01-25', '2025-01-26', 3, 2), 

(1004, 1, '2025-02-03', '2025-02-02', 1, 3),
(1004, 2, '2025-02-05', '2025-02-04', 1, 4),
(1005, 1, '2025-02-07', '2025-02-06', 2, 3),
(1005, 2, '2025-02-10', '2025-02-11', 2, 1), 
(1006, 1, '2025-02-12', '2025-02-11', 3, 3),
(1006, 2, '2025-02-15', '2025-02-14', 3, 1),
(1007, 1, '2025-02-17', '2025-02-16', 1, 1),
(1007, 2, '2025-02-20', '2025-02-21', 1, 2), 
(1008, 1, '2025-02-22', '2025-02-21', 2, 2),
(1008, 2, '2025-02-25', '2025-02-24', 2, 3),
(1009, 1, '2025-03-03', '2025-03-02', 3, 2),
(1009, 2, '2025-03-05', '2025-03-04', 3, 3),
(1010, 1, '2025-03-07', '2025-03-06', 1, 4),
(1010, 2, '2025-03-10', '2025-03-11', 1, 1); 


INSERT INTO ORDER_ITEM (Order_no, Line_no, Type_no, Quantity) VALUES

(1001, 1, 1, 100), (1001, 1, 2, 50),
(1001, 2, 3, 80), (1001, 2, 4, 60),
(1002, 1, 2, 70), (1002, 1, 3, 90),
(1002, 2, 4, 110), (1002, 2, 5, 40),

(1003, 1, 1, 120), (1003, 1, 3, 85),
(1003, 2, 2, 95), (1003, 2, 4, 75),
(1004, 1, 3, 130), (1004, 1, 5, 55),
(1004, 2, 1, 140), (1004, 2, 2, 65),
(1005, 1, 4, 150), (1005, 1, 1, 45),
(1005, 2, 3, 160), (1005, 2, 5, 35),
(1006, 1, 2, 170), (1006, 1, 4, 85),
(1006, 2, 1, 180), (1006, 2, 3, 95),
(1007, 1, 5, 190), (1007, 1, 2, 105),
(1007, 2, 4, 200), (1007, 2, 1, 115),
(1008, 1, 3, 210), (1008, 1, 5, 125),
(1008, 2, 2, 220), (1008, 2, 4, 135),
(1009, 1, 1, 230), (1009, 1, 3, 145),
(1009, 2, 5, 240), (1009, 2, 2, 155),
(1010, 1, 4, 250), (1010, 1, 1, 165),
(1010, 2, 3, 260), (1010, 2, 5, 175);


INSERT INTO HANDLES (Emp_ID, Order_no) VALUES
(101, 1001), (102, 1002), (103, 1003),
(104, 1004), (105, 1005), (101, 1006),
(102, 1007), (103, 1008), (104, 1009),
(105, 1010);
